Engine_Size_Liters,Car_Weight_kg,Horsepower,MPG
2.49816047538945,1370.2658576772392,150.6605346086946,31.013610648280633
4.802857225639665,2083.801894756716,146.68427574943996,16.268459395002527
3.9279757672456204,2745.8916717528164,324.68873674067993,13.468014600217979
3.3946339367881464,2464.4497728191227,147.37747395936665,16.722437518769322
1.624074561769746,2613.1222957228993,153.42642605473037,28.981412443099842
1.6239780813448106,2317.566733421435,285.0375308528502,25.926015412251886
1.2323344486727978,2384.553129035705,201.4297574616458,27.76457990806857
4.46470458309974,2698.3913031306383,289.71185037789894,10.909412787524504
3.404460046972835,1499.3360177183717,97.64886254238402,21.67780198338606
3.832290311184182,1978.849927286281,211.64422229181378,19.444865140364847
1.0823379771832098,1442.4188836392045,89.07567204948631,34.07712822712566
4.879639408647977,2975.336015993294,96.91636493294573,8.521274710771651
4.329770563201687,2888.1186793732268,324.73811240299096,6.535958448230674
1.8493564427131046,1078.8536227370118,117.59625020175069,36.1570796400508
1.7272998688284025,2411.1503450313767,223.75358421430863,24.43780039344356
1.7336180394137353,2850.496634831332,190.99581270219076,27.193774814270718
2.216968971838151,1361.150690254667,173.7826980898875,28.670629287552647
3.0990257265289514,2135.890461105259,322.95500333556356,15.501115943196254
2.727780074568463,2830.9765951760837,85.89231712938216,19.619211466076536
2.1649165607921677,1067.8919571715976,259.22321526740905,32.20557462524295
3.447411578889518,2394.84053449368,340.1164972376586,15.398318921902261
1.5579754426081673,1594.6980147451015,231.24540953469733,29.294137650862588
2.1685785941408726,2848.7923907530608,332.9420647489348,19.658629529327648
2.465447373174767,2942.1164903307354,94.10962740722641,23.316277293250433
2.8242799368681437,2888.5329782268677,193.07419615002357,21.221389101763464
4.140703845572054,1948.4284333149276,150.24260355975383,21.51683691694189
1.798695128633439,2724.085301978627,277.32166054479706,22.01947490878228
3.0569377536544464,2689.098797070141,344.9502144342566,13.24718646235508
3.36965827544817,1638.2009464865114,149.2631168599469,22.833340368605192
1.185801650879991,2657.8309483013545,256.6271423980001,26.762755994739035
3.4301794076057535,1074.0152694309852,133.48636084512984,24.59687124929536
1.6820964947491661,2192.5397569641063,232.63916873433467,24.90078178433144
1.260206371941118,1460.017674575406,205.26177140585077,33.6113232883707
4.7955421490133325,1241.1337715545576,342.441439000515,15.268257988516012
4.862528132298237,1153.9064032584183,244.30236362804598,17.528638106628094
4.233589392465845,2392.5775517562797,174.36672046344108,13.981634896453338
2.2184550766934827,1679.7499275361324,110.80586191974201,28.94128385039229
1.3906884560255355,2449.533543057523,120.83664375843233,27.22903506889222
3.7369321060486276,1130.7126815978847,140.83557108683348,26.49392751530465
2.760609974958405,1630.5806756612205,147.76099856188046,28.53963043259097
1.4881529393791153,2078.9825847506745,309.66633561710717,23.02269641222228
2.9807076404450807,2581.4463296779268,231.53015283628173,17.189959192497046
1.1375540844608736,1637.5050058641398,221.31554607107893,29.274112159003632
4.637281608315128,2251.782752874018,110.98759540468872,14.353519221304264
2.0351199264000677,2771.9554964723743,312.2377172043474,20.570552565170154
3.650089137415928,2231.726376364609,275.1598618662906,14.013479323082404
2.246844304357644,1465.9189495072676,98.27045771300043,28.75047710234363
3.0802720847112433,1048.801563113076,271.1154762520375,23.464543534030277
3.1868411173731186,2740.19774780186,226.75531868251443,17.83765451795927
1.7394178221021082,1042.5388217007742,102.06584335163012,35.05729749907654
4.878338511058234,2749.4033453683987,203.74117321273724,8.782161402466702
4.100531293444458,2057.8742680544237,210.86799752511268,17.39451963300436
4.757995766256757,2878.1353970257924,124.75912584408445,10.609799380659412
4.579309401710596,2597.566471547331,335.3384996900762,9.155195120112035
3.3915999152443406,2995.868221066675,309.49335029977874,16.91549645066859
4.687496940092467,1701.4236309034204,260.6360310788592,17.867347097070308
1.353970008207678,2534.3765778622537,204.81980147016395,24.5396935704957
1.7839314496765808,1803.8618272184844,191.1766962278173,30.788930251564967
1.1809091556421523,1959.7512406078176,255.76283613075762,31.39468898293926
2.3013213230530574,2255.01092643674,227.26660473986448,21.527140741775018
2.554709158757928,2747.3542283726774,96.81373858810912,24.46831815947348
2.0853961270955836,2968.16693839859,218.37571516798957,24.483232269542235
4.314950036607717,2536.5468277290365,297.72897665286666,9.700321551073925
2.427013306774357,1835.5335643346675,203.9947669511787,23.985871316789954
2.123738038749523,1842.7140045541405,94.02827593965247,31.384366217750397
3.170784332632994,2475.1646031777827,292.2951138336889,18.052735832240135
1.5636968998990506,1477.5542915366048,134.3682211767131,33.99118061971603
4.208787923016159,1220.9482262627894,149.82762541977047,22.64033913951892
1.2982025747190833,1709.244315281553,124.47071542671989,33.90384437067825
4.947547746402069,1574.4779833081634,169.15806751530434,13.82753961772162
4.08897907718663,1592.6162409119802,284.32290653593145,20.044690230624532
1.7948627261366896,1467.2155020998198,220.23418206606308,32.52153656542008
1.0220884684944096,1084.1863792727238,135.31794402069238,36.814529626861635
4.261845713819337,1035.7478694668275,317.01412110105105,19.2157186188301
3.8274293753904685,2975.444779472063,317.4871008369129,8.487386891532871
3.9160286721639492,1855.5462674717246,315.05617476242185,17.827525654690835
4.0850813867437825,1768.6532943193633,144.47497707301562,21.028482630024136
1.2961786069363614,2359.2945653861398,201.8346229288668,28.209648949279718
2.4338629141770904,1436.5077757301283,345.9472071580363,27.194840584132734
1.4634762381005189,2899.922367900451,288.4433686036974,22.47772325501158
4.4524137035023745,2572.6900288311044,87.33520373090116,16.48319596725297
3.4931925073102317,1178.822004624519,97.60523964033285,24.395090223790472
2.3235920994105967,1835.1615515698568,205.26147173932986,26.215694058267953
1.2542334011440945,2758.2366151243295,325.48945558262125,23.706268991771832
2.243929286862649,2889.464044582821,225.44948544723283,21.3966241213412
2.300733288106988,1934.8030224997394,214.40937716925836,24.945443689967966
3.9184247133522563,2226.8227784214155,108.47789898829026,18.80047172669863
3.5502298854208525,1334.0678921841504,257.33062827555943,23.859107832057234
4.548850970305306,2982.337252273953,301.96785336206085,7.705598830538703
2.888859700647797,1463.3434027668868,182.7134020270418,22.81599209123229
1.4783769837532068,2885.4635482702515,289.4151997498384,26.63084964517338
3.85297914889198,2299.293297984737,340.40869655321916,17.119861566378994
4.04314019446759,2215.4735897577184,135.01694396447607,15.443636906606496
3.245108790277985,2025.3770220330173,221.29900042258015,22.223560935622764
4.083868719818244,1461.3396234355173,157.5272486828354,20.159398128880923
2.975182385457563,1353.0560640110166,294.07069313913667,24.49195951326527
3.0909313175279762,1440.9724181403508,235.95020878791252,24.75539106269109
2.7101640734341985,1372.876524288509,251.337252738582,25.444318392699277
1.1016765069763808,2559.1689471335067,295.4368230962914,24.770343189840126
1.4315657079732178,1700.2505183334601,186.91202761886282,29.937379065443444
1.125716742746937,1115.6853531267927,327.07431846990164,30.981977691644303
3.5456416450551216,2938.205260281623,223.9177941564578,13.211585996253795
2.2574239243053067,2767.5717699268516,122.64780216554396,23.41642086758227
3.034282764658811,2855.5045663904257,267.89276190557666,15.27882951075019
4.6302658957043725,2989.8156452928706,294.18056461832873,9.695218081924637
1.9971689165954998,1347.7904984389745,165.5256528082322,33.93776663763259
2.641531692142519,1792.4840378053175,311.4383993896633,21.761812725798727
4.022204554172195,2516.4769514081827,324.6586787867569,13.303330174519829
1.9151926619664899,2392.041236107584,154.7642115920084,27.325512829378575
1.307919639315172,1307.7918126797101,345.55079763310994,31.60839114885953
2.159005811655072,2631.6662499812355,117.99211257316477,24.918210882014883
1.6448851490160177,1448.8811436733213,134.54423046867228,34.14809133840731
4.718790609370292,1447.6352296452462,129.74070659426707,19.896949883083423
4.232481518257668,2073.9488457868274,321.377221702125,11.68121966020926
3.533615026041694,2185.8798696834065,256.6589891277397,19.774465380619098
4.485842360750871,2160.1724156756227,121.06815647001368,18.366065843376177
4.214688307596457,1182.9736747955099,198.88732295945422,19.614715574292145
1.7462802355441434,2754.9217252607605,246.13046676884656,23.520396649265823
4.570235993959911,1531.2000851774121,102.53530294713349,21.09388952797281
3.157368967662603,1259.0298425656083,318.2524194699814,22.71301440413189
4.229760620656251,2777.4961597379543,296.9729545692145,13.285093412504834
4.584365199693973,2911.3029964595066,216.4058288656923,15.213470031004459
2.2720138998874555,2724.2552345309014,341.124186119976,17.760205490182454
1.440207698110707,2619.032149449756,192.7954644042769,23.805906116859948
1.9117406501677667,2310.4839612780434,345.70978613985443,23.53818873626749
2.7084311545050253,2101.7147412182785,260.3383996769793,23.539843115348692
4.272059063689973,1173.9735198228202,251.3612437785642,19.416908991020197
4.442922333025374,1816.9064261413973,124.80782172986196,21.33268226272366
1.0278085221247628,1745.3770340246278,318.12049474225387,27.60835498602385
3.042989210310263,1519.5075675206524,195.42221573856608,26.186403647292455
2.669644012595116,2446.84022737717,123.80301956126942,22.064618773692953
1.888431241882921,1991.7514701575415,83.40403039345495,33.31397726528464
1.4794614693347312,1162.0924318152959,231.13403458236328,36.894311243606204
2.350460685614512,1440.3664038996226,222.3978979731226,26.239823760207432
4.771638815650077,2366.5175273191917,274.2254780396728,10.111413860368078
2.292811728083021,1152.2617189806003,320.3696743148066,29.232820916386878
3.0751624869734644,2702.4138280975376,101.43977785361797,19.846642811480336
3.8120758355807114,1990.2930540279485,277.50405239189786,17.253289986044624
2.454518409517176,1961.173154653296,130.6012249063472,26.5875537268641
4.887128330883843,2184.815569319035,311.70780435243427,7.010342264983533
4.849789179768445,2649.3619318502983,301.1471487426471,8.878520564749088
2.0071291833014566,1695.6184158043861,226.014313846097,26.59008477107123
2.988994023569542,2356.032305118127,271.7655556282941,18.347808610980998
2.2035132392670786,2131.463927991582,164.87453055961208,29.01664417908562
2.1393619775098704,1534.0565403388428,207.21533271185996,26.04526795671566
1.1475477894181312,2757.259972710316,301.84196238182733,26.639306209926236
3.4382573359195874,2594.852043213856,204.00160323676775,16.915623846893602
3.010716092915446,2316.903669316851,176.60553163786926,20.775628265547184
1.2059150049999574,2701.1634581884837,213.43736075758096,28.379561763509574
2.1145858569464457,2734.5884019196046,303.6272981580489,21.418978260119772
4.633063543866615,2416.7259534300692,170.50617279013562,14.79868682408624
1.9582475626678897,2674.026656727344,126.91563014665083,27.215809402490482
1.5795794883648924,2394.942923338567,272.24378548931077,24.80968520951229
2.957811041110252,2360.2815435206007,303.01411743118206,17.60368677976172
4.942601816442403,2237.2227564303685,107.17211920135401,12.258434606714665
1.9682210860460017,2505.4332791152824,144.76601044410506,24.06969744837657
3.688542189623514,1317.2102105861475,118.33243723546835,30.347049199671535
4.04647846131487,2761.741518397857,173.944181127185,16.992614871023676
1.9505501759695987,2743.687055490464,201.59476430446142,20.770044912179213
3.9128653944474383,1058.4945660691183,282.18311098009275,18.811054761551944
2.471132530877013,2651.633501129525,255.80984791805201,21.46927127048176
3.529223322374318,1257.7397349468904,247.65071321917642,23.97131170495352
3.534118843043579,1670.2377085182839,175.1412355846067,23.34021962265507
3.143098736299034,2487.0165125832154,307.19083933288516,16.767244749973166
1.3611590802176332,1321.5197920966164,207.24753519750442,32.87132595458168
4.341209982356952,2635.9340482381244,344.3583332640917,11.053477221239971
2.2831202598869433,2664.268355915484,251.21837733984896,21.552035516721023
1.746074041599417,2014.9354675216723,114.09148022241574,25.347559125250875
1.1631005662190557,1012.7717434336672,262.56794176036715,33.99123063848818
3.3635717727529673,1574.0762663498256,167.77808416655873,21.935171139010716
3.7102574473691297,2233.8538367514843,265.3083431052463,17.178828278793596
1.0663513157114246,2962.372356054847,98.80311000384955,34.38401310415418
3.048372233197124,2263.6270540333367,127.21798803750903,23.15479325064469
1.9059831007917518,1519.6071621283195,311.04905990456234,26.97699966535948
3.5806911616377994,2268.0114061992226,141.338480396349,21.56366613766131
1.6974657160199658,2079.970759431711,306.0011038155938,26.806904178858147
3.763750952409864,2559.6907903022875,155.4045438826908,17.996764865894047
2.5469413852021496,1213.9612776539168,253.57811571585106,28.611096250435068
4.746919954946938,2522.0558050040563,267.42065484765436,14.793255210424494
1.550083776583973,2082.5331573522208,218.4167833491643,25.9818446809759
2.364265404201034,2925.9840077179892,162.43388270811744,22.42947214196596
1.4538940849623563,1683.7443320773723,137.41398162019595,30.43771306491554
4.698774473114251,2265.243786267896,88.96112573185508,16.861098717693782
4.509357413523924,2864.056211020035,162.06552833499543,10.30892699437007
2.0317665108606224,1205.0194559813585,256.3539534434464,28.870140725141304
3.639936184136716,2874.4569744729024,333.3423009810903,11.990976450922643
4.268888800804863,2375.7714446016266,315.22521021102403,14.558272407838922
3.2208032463978493,1135.6741182103437,286.8374896645317,25.928173894752153
3.118602313424026,1601.9271338936323,292.88078267839063,19.60760351366314
1.9674091636018067,2416.3441772905635,259.54592393851874,23.983887620568375
1.3724110712235968,1134.7012029375435,150.2774515428208,33.725935424451336
4.5888630318133075,2164.3409203525466,324.94265829057406,9.512548767915234
4.601672228653322,1691.7661139059135,261.0977242145752,15.177655816390239
3.5324058290930718,2241.831035534954,231.31897036471878,17.651673607200394
2.3561191641948027,1091.4840676250258,109.96715668763989,36.594133261936506
2.3968382984506436,2743.0736123047527,200.70499682773487,22.35067930961504
3.9038227154809575,2946.977938354794,204.2967332245201,10.856738422562842
4.588441039810308,2937.755710571383,313.43217457112087,7.265045268232396
4.548345697060469,2499.3036634858495,227.5950194507029,14.526792247643378
4.1195021834304955,1260.172480261264,182.7081482220106,25.68410035455609
3.568126584617151,2516.526391858045,343.736088697878,11.314110011499121
1.3365598599801953,1049.173832917603,109.89456019810524,32.78187149126091
1.646514856378455,1044.2471030579945,194.08807564422506,37.22961646886604
4.5942167541083165,1647.2204382990826,91.34666229627943,20.042217523833383
3.4257162386383597,1977.2863808093316,279.7741126070712,17.365777306186565
1.0367882064665186,2540.814835615586,327.8806690937707,27.142023683192193
1.4058861714641284,2366.5907532130104,155.61007897863215,23.456861404739975
3.6540070764322232,1891.8054127534965,311.7522527357626,17.869647050766577
1.0202463353848747,1547.2533325633317,158.8989222247124,35.15028872914332
1.6432322056699946,2994.2490003154226,325.90794364385715,22.964591479106424
3.1949351574663445,1852.3626044719458,283.5697139711317,18.66179258503401
3.767580790770773,1902.774048659351,297.32482974718846,17.756893926097714
3.607845038010402,1327.2476423833384,84.86177001212272,23.58037446467487
1.8970772378422391,2589.619097499859,339.95879640998703,22.226648525359522
3.8487168853901434,2387.3644515629776,276.2011678589873,13.42923575602367
1.9489963499872003,1441.5392255775207,162.282795754256,29.959962703764432
2.301598792637071,1164.7620912316854,303.9365595118887,25.748632997156516
3.9859656204720966,2360.9986041494262,156.01072357203108,18.440219699335128
3.5985315961888587,2309.0224285622708,315.6435366828546,17.66552717399502
4.396893641976712,1546.5190539964187,110.396705411223,19.804208092983412
3.6304515692013735,2901.7271245008205,269.9952139144149,13.830904027721482
3.2732344133418865,1302.1157835618005,225.98858869412578,21.342911619002905
1.37469907131237,1864.6696020852037,106.06430695276902,31.769866733599365
2.470863212237734,2887.231840335198,145.31133362988652,21.438320436572983
2.060809470726902,1839.4546338522446,83.349089794875,35.10368859863017
1.9759585735163343,2277.0518953281708,206.56735067541658,23.367645877478985
4.892042219009783,1795.1887959255887,161.3416204052001,18.71138810422891
2.5723908986670416,1548.43040469734,241.55652076039487,27.844676064235333
4.568186220708453,2967.9552959196562,160.25420808132662,11.959574174567418
3.5245545039890516,1818.6680126300862,160.97816010688587,25.343842435151387
4.179245214166594,2788.198407358269,280.6621636575329,12.383372171522051
3.0105483724207684,1459.9092117821724,92.99856571415543,28.07133334224843
3.3076155385054364,1426.2094080501665,323.78164870183656,21.402808756402877
2.9700707752754556,1062.2681657690227,310.111246085619,27.568253525540214
1.780971951192178,2303.33365075177,260.30726447112977,27.455751144075524
3.8898084610460213,1737.0526874475222,240.16982392899376,17.755847434482988
2.123089449763423,2728.7164996792744,320.92167449770614,17.745587098516566
1.0972638657258154,1946.4198133831142,130.0391484727529,32.32346929307188
3.5818891836286713,2936.3868558294434,101.32167379152372,15.573053789897989
1.7084427176281958,1371.0510314062424,144.6677458755753,32.436348546899694
4.761834337411657,2737.2463359112216,294.53613524905137,11.469667366478687
4.8157143080103495,2553.1937055834833,89.3609720161505,12.861494335539419
4.659457560881794,2541.843689288104,237.3578454725422,11.490418857517415
2.4806348010217776,2689.566456233775,348.7681293716537,18.529993996416838
1.0618264661154697,2522.0479818859976,311.03794533613564,28.087643850738253
4.713274250350901,2252.4406432628307,220.79033604176917,8.6184772683022
2.7127365932692573,1262.4897553647752,97.18304550739343,28.323175053786002
4.866619276174678,1065.0523589825038,304.4708488841417,17.108101869177542
4.854479908357011,2841.6956956313734,241.72419720784686,11.512035902933366
4.41203782186944,2233.300629041476,111.03190920608304,15.774883577246067
2.1777955682783428,2593.0745819523527,105.34146690230617,21.374612282855825
2.540390914407701,1963.0447030251003,325.59924124787995,23.480455437014513
4.404546686067428,1234.616377924789,260.6840709932812,17.52205182555575
2.2676880206251107,1250.371584405101,303.90743581552397,25.08606395067029
1.67797098674437,2371.1305744579427,317.3243030762122,22.998300846409933
3.2272050498334006,1860.6117897989254,234.378535053047,21.11789691038243
4.744619096643124,1401.0494534006734,219.71051497386114,16.040267169548926
3.784119186699892,1983.189093482874,196.21540078666735,14.720078062504633
3.28024468035746,1128.4178741502683,165.57557870360222,28.07943038734231
1.3887059750830741,2163.942803828798,197.3409094318522,31.534040986902582
3.460028906796679,1537.9868088701953,288.9475070471422,22.26402971680013
4.960215400417053,2595.1182012743766,242.51932637408552,7.577681823420033
1.5603360609460961,1620.7239178471475,320.9812882878084,28.052259302855628
3.073318609454947,1910.4402981636024,199.71260388238068,22.610570058528197
4.509492287711822,1023.2410798162012,243.9141862540636,20.91038436025834
3.9630744710168178,1144.8937755891177,250.45303933483694,22.769316193218152
3.788062963981072,1784.9871128133695,239.7582338227079,17.76526882400718
3.809936335948437,1959.8776694342469,269.7111187330894,17.82566687922613
2.4379646048790207,2200.0410962386077,144.1070364611977,26.061373876857893
2.1743673770579734,1583.3251574186065,218.33821993736348,30.84360126169235
4.2374446219140545,2389.963772253085,108.14069675825387,18.2278794846057
4.240453578716723,2720.244794378409,183.8180584640994,15.218487129351747
4.468289274320415,2559.7019777867,211.67010852774138,13.02843946192853
4.652962210225885,1079.2376506967144,256.1005500772776,21.3643890893614
3.045369595443751,1961.0138945156577,336.64338419827493,20.577425255878328
3.0060651787487984,1209.8603568363496,242.17578796805608,23.857713331740396
4.193180715867101,1484.0900317250548,280.7703573676712,20.90156941286973
3.5998557231110606,2973.3251865342927,216.69183606370476,15.995993137132722
3.8078675090308134,1284.9910858030264,251.20808847160944,20.52939096865705
4.183170677744404,1997.7763069027121,99.15169835611883,18.244830513715755
4.560021367270265,2236.3114686362383,148.68572682729868,15.917783057838168
2.351980627406143,2404.9299410882077,177.70033516538746,24.763800358458738
2.502331810559776,2119.2973669738285,207.57320585175864,24.386140431839106
1.375927759363476,1019.5416948383673,92.32516128564362,37.48673072984542
3.313120563984696,1652.9226164879838,117.80650633939578,27.8701290019938
1.1437690951869683,2035.423286769423,154.73986310365257,33.72421168020824
2.8623920725298406,1175.7329982896667,342.31382654328365,24.775565333831764
3.1705785388303065,1701.2538624183617,169.46369191782372,25.719474586350305
2.1461650085131376,1066.4062175827332,210.15108569026228,28.74215685291689
3.363333042276043,1157.1569943100415,132.9463824393661,27.216142789313896
1.1220009997561977,1793.8465524031922,244.91061919045742,34.70216305473822
1.1493927549968577,1265.4315080861206,155.78446818931306,34.948793907512524
4.290402242638633,2135.081696523116,135.88799617837523,15.604753644704894
2.4407625656450516,2378.929938274531,219.47460968041435,21.428248792430203
1.5082420506075391,2601.173398218166,81.48656577331363,26.39804639102419
3.0889730402192175,1400.3004884896202,82.06928881529083,25.887209284004197
4.079974212394443,1334.9651645181395,139.1485784575016,21.441302455304214
1.8632841099873727,1209.1356806688004,89.91476787522171,30.960113705851104
3.491561903276001,2272.8604990872736,109.16695361528667,20.771566535415097
1.341389859975072,2412.9514529738026,171.49237532146293,30.2736952063872
1.2067268846744308,1063.172289651284,296.69813348654947,31.504392540683813
3.125418526272592,2872.4244924873797,234.45313370971124,19.922999342425747
3.162540486440426,1103.9425673029448,218.42028600823244,26.902033431393896
3.549719605992826,2082.592670602141,159.24198226619285,22.489619945945833
3.904365334890646,2418.121038901833,331.5735042468604,12.392611605841442
4.903408317850138,2741.9382474921713,187.19406113404176,12.190140563665919
3.0652013932047812,2428.1738642648556,103.5150470348583,19.811555667766413
2.291825891764984,2603.4561661395837,246.60795935180636,23.517838470996544
4.180744779074814,1678.900385085612,110.73636623868238,20.92109792354869
2.083329005048297,2629.6502274930244,173.21024855645686,25.119065808657968
2.7558856828225444,1160.2296927693503,217.0012234538084,25.10615228312593
1.3138255253690638,2789.6333121210555,316.0400816649975,22.02867725738077
1.10140297366183,2095.1847523074725,213.25757669183204,31.49706775965453
4.8505936587117,2634.5955399249874,269.60986682854934,7.710457491153022
4.343920482048823,1904.6365690366001,348.060546529749,14.894376639200562
3.783896824374792,2287.15539039305,115.50206237245504,16.492370477978596
2.6358117776570795,2052.805321872226,154.17751189027027,26.487618578709945
1.693177280283383,2463.1790435106636,186.53554041136454,23.869049583407154
1.6257481706843442,1163.259964061179,193.89360820548447,34.094561122863915
2.0009715926583813,1120.7041679811275,190.97569032169736,32.8238550539897
3.196906658824482,1494.206468020293,325.05497069026984,20.248244644523815
3.8583836908002493,1319.0893602263768,272.7888140060512,21.75010344431542
3.640789506870925,2743.5671331844032,244.13440780449002,15.536807923736134
2.1197355877837714,1438.4279747160886,163.53063382295116,28.920753592548085
4.819461122652776,2951.7305116382627,302.4234037397496,5.488194946923786
3.951587666783074,1673.7915835422136,337.866338100947,13.166319436400999
3.2174162100456027,1364.2358313773984,301.72353628856115,23.365277266735966
3.446882984937409,2579.3970142849585,80.42257840169768,16.8539843855988
2.6784002497111596,2317.415551001752,251.8283699495199,21.514242121183234
1.9909239580046298,1996.391432906278,93.80655298936719,28.655857532495936
2.4238907146050463,2110.7271018752626,149.5539494901049,26.906062835975273
4.031384441857476,2438.4035565445274,96.07166909389835,17.141227848061025
1.0575739545190235,1456.9094826625974,243.0247722963347,32.43697877273053
1.464290562027665,2992.667832113484,265.37927664300383,24.603509186024603
1.184010568087011,2949.5863242935666,110.91166227779438,28.375903634752962
1.1629152092758805,2300.651372693874,183.63649842214446,30.223206640711837
4.421842336044029,1399.0849018582903,203.18385741799636,19.98114300976754
3.8146314375200947,2360.4564848625823,179.6443158754475,14.367845542923499
2.8966953163493008,1144.3968179583517,112.67675013100212,30.502929343990306
1.391336642604006,1061.3050044116121,193.11590335061837,35.79507960723875
2.9664635004673294,1515.3657770224272,282.8180729082729,21.384357647466434
2.8938870831222627,1925.2459134786327,99.17206942397897,24.879676222728673
1.6928074796400607,2736.545010816761,101.64860380211394,26.588054636238386
2.735406596951892,2454.338139532616,175.78824879571573,21.634221071335617
2.5940189375894938,2485.4130423999623,334.26594213710973,19.882250659242338
3.463400392208866,1850.9866688961506,260.5146146151868,22.812206161937976
3.540374603470575,1691.8699850939258,263.24088830159246,22.507680048226586
1.181216039088178,1742.0775259692055,177.71839752622355,29.795333856869888
2.498450458505885,2975.2991274721157,240.28841362630538,20.318849007448925
3.5034396628569455,1080.218382824965,82.73541968749072,29.836587848339924
3.012545034320351,2734.062992244897,251.7459325305764,18.51193077510081
4.4259593647532895,2157.3508171447866,326.5874758455839,14.946640106346521
3.63477452647578,1877.230838379181,245.3948364531012,23.374004601302588
1.6517377083257188,2450.5153208302727,315.8986202359132,26.044050395878596
1.2822749896017194,1973.3378828494056,275.4727249758453,29.35223582431179
3.5696771128252625,2746.8464761633213,112.55077242899637,20.041382111059292
1.1060452421664873,2801.403728022517,323.66239296717725,24.83230557698846
3.343102325093853,1843.441853746911,97.93983797605922,23.827839595391826
4.76092096569983,1553.655594470103,224.17121758789622,15.62132485881486
3.301896711503516,2184.700657186724,118.37702342423357,24.977247761480108
2.5526797048260876,2824.7266912333816,83.1607848973441,21.089234842284817
3.5731528737694127,1421.3243780113332,193.9492502344625,25.999940622647955
2.8330115619660665,2245.9331671269656,159.6609910666222,23.828290561666172
3.1824671572637397,2263.120440185041,211.2201333253528,17.340280575277028
4.765859235106101,2466.226044830562,235.84396941832873,12.240922415486004
2.544410551203097,1263.1353702545196,91.80954952341578,26.1982316625419
4.844762255295657,2431.6499293641773,113.21088968341132,15.027118444342506
4.621402567824255,2818.065041331282,230.83344704161485,12.267157263280128
1.7831645391571858,1359.366217740484,172.65518535661772,30.541112866653787
1.2774452035006618,1475.0866498477553,276.8768416383509,31.585621894152393
1.4031120055097066,2942.790188083279,256.1187451198237,27.75798499989402
1.072887302606199,1361.9539054189795,308.3131780072748,31.18448064250784
1.3777718430237136,2708.7701867391584,266.97306320069083,22.79889933457048
3.7320270936654274,1984.5557128960695,196.08139089534,22.32479850104363
1.284754593840916,1494.462148806354,261.7009880464967,35.43744820381576
2.275902521175045,2741.4998025450227,154.352917048963,22.97127264470361
4.379501243877819,1890.610510005331,162.70464467011743,19.608025029937526
1.0930877429433035,2029.6347078593803,293.02599317861416,31.755363584947716
4.257873930355743,1718.4667387995314,200.5332694284272,16.751599765756186
2.1274190990935997,2185.901702869855,295.5626919399552,22.615240030194684
1.472659310486625,1327.0477451700456,302.0540408904352,33.158462585460725
3.7869486614566026,1782.1630733035213,311.54183116854665,21.187107590973767
3.515771387119536,2938.8246446705753,327.49151367712597,14.060836981415402
4.509888054108211,1516.266865402255,196.36600953859,16.437220531725867
3.940284175215543,2313.4733290825843,166.09404094670748,21.353595970581868
4.213923721539395,1650.3801284493898,237.19366158041075,16.97962758359363
2.128138290285226,2546.9462513732014,180.21655432815945,23.414039787944382
1.7097581751188913,1261.7473214366996,242.2900250360629,31.836226773039478
4.002459006563433,2939.642090157089,270.5081829138327,14.988881202831998
4.2273389570690565,1907.5790827672786,265.869354992877,17.82964413259976
4.962020568002693,1472.100926692928,181.12927949543277,17.51754822133841
2.650470707645706,1146.9934946600254,125.05225445866327,30.763446313357143
2.4880723431711327,1339.5158101750815,196.24292138479603,28.268266314445512
4.105651842967987,2039.5478971120353,118.50041890211536,20.073097872078588
2.3632141610120714,1674.0063528625726,320.3261994996283,19.529860365751645
4.723029302414259,2657.766731765219,173.3869143992215,11.396581274185712
4.433651007372047,1861.775047323612,121.70413175029742,18.788256465035342
2.7159761095000734,1497.4285451752598,86.87089517455274,26.251518710643303
4.0034842711659895,2234.28997320806,254.37204429735075,16.498076663388854
4.018171496338729,2413.5544337708916,251.96362571278067,14.402241141393404
1.4124954753437304,1334.0838158018996,171.96312497694873,37.045040179035716
4.610211626718266,1335.2384325766352,99.36220998886577,23.73665076753702
3.0210094897914286,1073.342853867086,190.59980162171263,26.295135855932564
4.305829864430967,2472.8040301312813,164.02872366711625,14.677495562928527
2.280198404122447,2327.60905524361,262.82257272845254,22.696715319445097
4.582092913984802,1949.2617514996277,243.5603973522264,13.859746230206479
2.5568067149366525,2688.340897938394,178.4403066133358,21.87390912888263
1.0433506059211934,2611.3403059001066,138.83098964884732,27.955036813101966
4.621527905677055,2170.7087287935046,346.7697108620098,9.152955893370482
1.3651467071445342,2736.5425610265174,202.58043772295102,27.367940706058523
2.2772545503616595,1411.6824200735364,265.834043660664,28.63632071823519
4.80024786820322,1223.8392387954557,117.9493012461574,18.312070854865098
4.802428587750224,1539.4992230339792,211.1092189080374,18.26010172331854
3.2937515524931444,1114.1737121786298,87.43491436475568,26.595395707261922
3.527348848679197,2062.3390560020644,216.47288183582148,19.992107740292827
2.793782087913279,2873.211384589923,340.28469992177963,17.896917708229942
2.172843086792258,1078.6870813370192,183.73581250616604,31.08682932321899
2.314658181479664,1244.2198280200537,90.52892339522613,32.46184239961899
3.6900738243081537,1904.3980565668705,88.35806354822276,21.072656949039363
4.00949811775072,2867.75003505581,184.75642518565476,13.53044662427342
4.166316174903394,1632.312209953501,123.20673284506239,20.214162644505294
4.158472571178216,2014.4696173767848,86.3050660086102,17.995267329561422
1.3648244121947615,1083.1457181007843,284.17767576654774,32.405459713057134
2.977681218810326,1296.6864019241777,203.80121239811047,22.943741660042942
1.2302350400665771,2973.2602459176937,158.09608843261674,25.453411827175387
3.198115529294942,2930.237392872091,323.0224594144498,13.92709297878397
2.766122005493508,1009.8799618688192,111.35751925414192,29.763541275861524
4.5508167310331995,2903.623570846478,338.0980838179362,7.758250288017931
2.4036600502083147,2278.239875631001,164.77101369188526,24.373381722349617
1.4682680657104235,2735.836589040044,319.86899152334394,24.275113964808124
1.5719667282113434,1909.4797112677184,242.79457664945463,30.271893781986314
4.046042526869889,2031.1920571585006,303.2109871302016,14.273098146992432
3.4728722532650442,1977.6931605138402,345.68355406682537,15.163536265623305
1.404490704491161,2333.728515092209,157.86946821106136,26.769671065621303
1.3364272244599897,1279.3025095126259,339.5065810600501,29.825027478776065
3.80387652583648,1059.947179745356,185.1601116236535,23.17577486690297
1.291052025456774,1615.859883182382,184.08821427896902,30.889210051558308
4.287440237161425,2409.361525473293,171.90451814871653,12.629387613933002
3.824968908625985,1403.7069042458968,226.180053983848,20.33326265532824
1.325395122567599,2346.8648666498348,121.61916165819152,30.23186762226074
1.3393508563407677,2939.824092214541,229.50210104666303,25.87381759613171
4.946558314004702,1187.8014315788369,226.26029935070108,16.16142833585399
2.4970831830244813,2345.2042364502527,285.7134894033149,20.4968390617854
2.4825685882675637,1887.5004386091423,305.0854897231481,21.43583274759267
4.25119826903001,2736.2845087550104,198.9191645843545,13.146923613153257
4.788994309535434,1354.299578894772,161.6299773249033,16.748570897736993
4.944004255291484,2385.2519044523287,150.0204222756155,13.971568509896771
4.0135127410357665,2676.2305792962206,132.54843591031542,12.335338066783414
2.505038342123663,2889.2284389480465,95.56484719373671,21.650628976923628
1.334002866794675,2366.4960565792917,172.46095428537262,29.317502409203538
4.108587663709747,1994.3495280168545,152.96687687531147,18.847939368360645
3.23361699894322,2235.694480402428,340.93269418393,22.83766454702576
2.696888036987905,2737.8099689574365,230.58138308751185,20.26292637615282
4.625417540378944,2141.2194932776592,173.76480053823704,12.996118397457693
1.4447899292246054,1060.7741193936738,236.7262522682979,33.26912118197681
2.9705004171634366,2861.8973910139557,117.58310936333778,16.419106313495103
1.0454145790696763,2379.0535020631223,199.89181228459478,29.241331139585427
2.874642567976505,2353.0267715544933,249.08326678368724,18.651197136657995
1.2252131027273494,1431.3503047954343,212.00241458396187,34.92052177319084
1.4752716650722877,2317.770940465314,188.48027617666753,26.903736732123715
1.4701049871084195,1787.7288113083168,348.3390650029185,27.24557036982166
3.5968412084642543,2302.4659540829844,317.6849857802103,14.677069393082924
3.984179517061693,1213.1860606159814,248.31960870304883,24.51657239978816
3.3334750603886385,2315.690609206072,233.73188751921634,18.103785899600616
4.848690193898168,2998.827451541333,247.57832955263768,11.900304365657227
2.4994823180948162,1096.424077721112,134.35426911205698,32.211427321963164
2.142848345127443,2954.3483684426346,186.68719068136602,22.815830245756786
4.474396512757841,1813.8159214457412,90.65407388054281,19.72052090238519
1.8943833540778106,2741.506900674518,208.3974301214432,24.387386397280896
4.852890157762445,2564.770968116547,226.61663766856907,6.95046153742366
1.0486178987592654,2134.032521973336,141.4924287478666,31.22344148245778
4.879515306830556,2476.898418502653,340.2877887346887,10.542249194424103
1.1726396478023045,2757.031122602696,325.55274495305537,24.329116705866834
4.564572454792284,1808.280643302066,274.9786735730946,12.108067571855347
3.1108044363451994,1654.0663231264775,224.0143897666479,23.14595172432632
4.971859184477202,2335.1867711271693,314.89167310487494,13.061077384630227
1.2951862589415954,2615.6918838825172,115.27613283233498,31.28146318977297
3.215417137605283,2524.570269553232,293.4376444542189,16.91501062519363
4.877210142476396,2595.627297717269,113.70161977104904,14.703284028965069
3.0923913766805953,1871.1666296258659,294.4368788883395,20.1066540383051
3.51759455254105,2635.668432350043,154.4572434278664,14.495594309604298
3.7829947559384687,1240.4181107412169,316.814456874911,18.589211930813477
2.818164259071093,2088.978195921699,334.8913653328574,23.301320084930836
3.5102323203362538,1011.5173209962431,120.17491173938123,26.194883555059402
3.337257247692401,1649.1716598005405,204.92241336765625,22.151267860278338
4.604632041963956,1732.9230697427956,344.866592103925,13.117532227819957
1.1817855213658315,1792.3453832185107,210.5200077127496,35.31811126265223
2.1238527583689213,2390.9344133797244,313.1578310789272,25.47675172958681
4.801645936306235,1777.1162025406916,238.95751097545636,19.165422521305626
4.561055135563665,1897.3872452450614,181.33907513829251,16.043443740172247
2.8226270111428517,1475.088261748655,157.16155999198497,27.37075491876838
3.480530391206147,1746.50358325868,134.87023459324357,19.87440553257248
2.1095247319245307,1454.539254526303,285.68551167197825,30.474601052505083
1.7524846388950452,1146.3918475368873,184.36593684221754,30.358982047907634
2.8547936197599286,2206.897186762756,218.0443747942028,22.191606408907745
2.4134089121042113,2336.4255971100324,212.92787960031913,21.00436926270882
3.3346244474034883,2238.980692019229,235.86533789294543,17.904246115251855
1.3109385478599394,1926.9880876011448,313.70582931862907,26.51719464815256
4.897579230664666,1759.5715603584595,344.79962276752593,11.051292683514548
4.9448429779184115,2726.667299143651,190.04773631493057,9.235669971052324
3.7926468560789806,2038.1635702724361,303.4301089687018,15.577131527058214
3.1443854653764816,1958.3637552594619,286.4225045567738,21.996664361933664
2.238110465145311,1051.2841316128713,234.85281689300479,27.765300324796605
4.255180078827795,1682.4956552523126,338.13272877522195,16.117639647536656
3.738924690215517,1760.391237571714,134.12811919266875,24.126238626929343
1.6504677573795652,1797.6455617938009,109.50133678359778,30.3682478181242
4.64370873797537,2160.3447384546644,310.569731077964,10.65435458378303
4.290148971692676,2067.205093453757,198.57045049111204,15.92584589993143
4.799199653167696,2215.810185586889,308.68159063590633,13.510369236814219
3.90287803355344,2529.7665230842567,321.134355402762,13.753744387439712
3.4536607837431594,2625.971477432187,96.86355027714929,18.328969491236666
2.6729721451624755,2436.246152452989,318.5354860062364,20.387438166755263
4.730913933416053,2911.0473919098695,201.046144949744,7.930143141410687
4.464255558001634,1036.4651653527233,217.8167720311427,21.734907742492076
1.1808746804247576,1391.5559713670923,249.17997799516675,33.56189913675334
1.105467897989008,1015.1257499562843,330.1233038171234,32.73168269064781
2.5058534675121984,2294.9494283092063,85.16134549603629,23.868513747833884
4.242213323127332,2796.061097899974,208.74773644581063,10.981417982944013
4.949104517259778,1486.9645931525986,265.6849514562514,16.0501423501348
1.6016675644141127,2854.069089592613,275.1308785785217,25.477493945581116
3.3765228614085405,1120.5347805791216,266.9837565150192,22.58868259640799
2.523563426524086,2868.8720536110286,116.2974849401929,22.890428020885587
4.879657591258413,1703.2453744792688,160.83680886035393,12.134523752529585
4.368475692542835,1202.841656898433,176.85319186259363,19.621351800498807
4.353314818844551,1971.7435183726511,297.19804607346634,14.54528693612513
2.874772639179881,1513.553135441016,155.26516555192933,24.571087301483203
2.6592780093506607,1569.7458039238456,136.89034024414485,25.57370038384071
2.093628287722825,1614.579929852573,338.510965140286,24.399994640240926
1.2255019866037085,2606.0517956653266,82.3930869806366,30.391505798996693
4.458889505020213,2078.322553350509,349.41163103413413,12.180493803161065
4.251604036520311,1622.6153983120073,262.7417506914968,13.02340736361868
4.998870693144522,2220.667566621837,303.68671085126164,6.086609525445099
4.9865473482956215,2432.3013484463872,159.54723701347217,10.994355094453972
3.22172682241051,1545.2480014670675,83.8651249701062,27.014059964522342
4.075949660722042,1827.098203050703,279.22477001161315,11.443230425814562
4.7790629195297125,1243.772186673895,305.21904119018245,15.17151475263991
4.398589562709645,1362.2986990693607,279.9285556274502,16.743786646875947
1.9893924069727906,2362.2357079299654,118.56957757122642,29.641839633964985
2.802176541240374,1362.8766953912539,283.4255390093816,24.137267683848687
1.51663766060598,2050.3267673341206,287.60915116906307,27.937291636703083
4.8162041090348895,2418.092523444865,257.8059392309148,11.3630143876753
3.42469853780352,1213.7538461894876,286.8513018548083,18.521928352226155
1.9145712220138509,2134.6244392578074,308.39878871298765,26.079745963652357
3.686802737623427,1513.1255674027275,245.67311084411378,21.361090637711243
3.4725129618315833,2925.8537504751594,103.92327277181334,18.682494743294992
2.432650872131362,1967.0912934398493,211.65950861014693,32.83689984887934
1.454230368798516,2611.985099550316,100.96532036133337,24.208505556431252
3.6862927823711984,2100.4530843125235,190.03661837875632,22.55807798971408
3.081230803615173,1086.8250657096382,189.91875206391944,26.327065975104425
4.089273566942557,2266.3027511880446,97.82265791786523,18.88495984326698
3.0806540044479735,2902.806684413314,174.1815441717594,18.048368183879877
4.408726001274161,2203.2236402926624,109.96948667365501,16.096752392533773
3.207627355097942,2638.3777188535805,298.22350670249,15.26965231726404
3.243751886141545,2768.4129266968157,335.8757670104071,15.502554009816848
4.5066144106333805,1456.159543897865,99.52544831964343,17.414581072924236
2.613931464849588,1424.0896798164533,337.88110596875936,25.860396224762926
1.536060913802563,2221.9619777019834,221.0956818209212,26.723613553189622
1.115130705253356,1822.0569396134094,160.88273304754597,30.393833789261215
4.0205490226944764,2679.722605733441,100.75276032456415,15.593835446724743
3.4812382054138586,2800.0462467960224,215.16855237901282,18.545124227802408
3.8163190723968943,1706.8427586054363,294.5191970125021,17.3312962669043
1.851856646035643,1473.741117948964,270.9133488620085,29.59657976227386
1.545485902347079,2561.0510304877234,93.56102309527292,26.906925273663123
1.0581786626715277,1549.6120710962723,99.68349554933394,37.01230945135732
2.402350235226388,2645.228637027357,188.775786310812,23.558780507708633
3.3596707474185323,1847.4765072975256,159.72843339294468,26.146748098862904
2.5689761803989293,2335.099798582941,142.7437672251329,23.558104959789024
2.7498996880949163,1191.0706276693363,155.87121470535266,29.889983580634954
4.616634777974994,2247.7186493531462,296.94034069015885,12.243878517621507
2.3930218680932014,1903.5353574744581,330.8915744806005,25.687636880322316
3.055957956639243,2173.216926350948,189.37772752244294,20.15688523770234
4.134612050964572,1336.0284154897267,324.6499705757742,19.711114907449872
2.5861711292850806,2473.7474898883643,166.80383933692815,22.26802108980339
3.488346800911494,2725.5941550864572,208.63798631282373,16.373332539992518
4.44945483498698,1433.4796001815512,141.02782941031992,20.17300362234118
4.7980824946305685,1191.4291110403235,252.92853138747788,17.89739338406462
1.5882939237161517,1047.2771720926728,344.3249010971984,30.497335374626072
4.706350500645978,2283.943000886532,242.94313593171222,12.972271390367249
2.9684651723181528,2214.1880721775615,176.6098027106582,25.195006424591714
2.0329775531958334,2093.39482542814,254.91071041744266,27.257312046359633
2.8365430249530452,1463.894192231951,113.18858318565464,29.39062294783224
4.920130301141908,1781.8119918110292,319.93795167165763,11.640515600325374
2.9704723759714784,2188.952670372346,215.83266671055583,19.592975965598853
2.315006441150033,1993.5337177183387,201.32443035070335,27.4989149356946
3.533603417266903,2975.5710404297747,238.1834928824502,16.20935314756065
1.9605824751127723,1272.8795051134662,248.69164295313865,32.78448982886438
1.3034533124346557,2390.2891080951877,99.37946768115852,28.987463948006482
1.515518887642597,1808.6375362085842,264.30664973031867,28.391747019238327
1.5121833558310898,1856.3992298512294,145.32155368519298,27.72777935074922
1.6076107740491774,2435.1955313163526,272.7672107767793,24.349487432539604
1.5553086905976405,2384.8723026487396,302.08439448373315,27.028202510551157
3.5634989792128584,2982.5119874043767,297.0687970391805,12.177327957280248
1.7275203375965793,1256.7885789082504,229.17526120013005,32.63966995267319
2.382669133295453,1208.2192987683327,220.44587092390282,28.446968775855122
4.587153639624047,2448.677634257482,118.57650956164116,15.391004315614676
2.8958465610514894,2156.773834012818,289.3434606088466,18.10256931339594
3.6702309540841087,1548.3213331196116,153.28053272061288,22.847162285878994
1.6892794848065193,1158.8387379779733,214.10776416084556,26.33962140346244
1.769156075234683,1171.316499192861,156.75400509042953,32.67334274734706
1.1634744650659155,2788.3817493282368,116.13365800991716,25.238836512933574
1.6757402522886582,1383.7346494374858,249.98057816076889,32.952873087391865
2.1143613561278345,1646.7431242310415,94.66964940218404,31.91307999375488
1.7080419371069873,1453.312804453976,282.134213214074,30.337904960399356
1.3548101350282225,1709.9926116638746,165.7484347205015,35.08043509396236
1.4825434844024032,1138.8476854921867,80.03636711121104,34.13575550885436
2.843115072130903,2038.1195818165406,218.00486759405206,26.150013310278307
1.82533487362317,1135.2251271844298,92.65001530245284,36.1212502552453
2.457079444192302,2600.713015644723,154.56578061164285,22.375151236240278
3.0136690834194275,1467.424163820866,270.88365161304336,25.954935567613266
3.761579314517461,2080.023829209021,96.92619783790379,18.52166295704497
1.1572485593643957,2760.1581751229164,306.6213929361206,23.21013442546788
4.197641595636171,2301.7547380943884,81.03137911781744,16.764032100329544
3.511601557963631,2065.9155731026704,146.6424446845136,19.877410813832004
1.3270361277954876,1648.6675062307513,280.0440951610593,28.07100270502486
4.4943144964271085,1666.0038261163959,165.39294042691284,20.583872961148426
4.683489602127253,2338.9739103963802,107.51094477782365,14.561499542149322
1.244311839419455,2988.278722442335,177.26315807611553,26.618949885592226
2.107510592588815,2323.6783796987575,153.0061873238219,24.69698395555275
4.224805119172245,2115.5668347400497,307.53221358334986,10.618691917260618
3.9930387615346334,2461.3010204784923,164.60393774798865,16.972856432524758
1.7380840774255093,1930.4112245674364,293.011767379522,22.841820230318035
1.8373972933468412,1120.2846852015705,320.8054790988984,29.576911079782455
2.481888411165528,2124.59363175582,197.13070328566297,21.529289847597145
2.9380919407640853,2915.2505690107605,325.68464884068584,19.663192443155715
3.473019086121184,1350.6058847153192,181.87587457006208,25.80359264182628
2.4756545582790896,2380.0097816413318,340.3011724523292,20.364989713033818
2.8501388645325916,1401.867377318113,104.10817162190469,30.610288145884017
3.989883752535026,2071.6553689461625,265.49520195587553,14.684710274812588
1.1467328115623916,1193.3528992934394,213.32979092337075,35.693300790374806
2.009747777376083,1900.7418725163702,184.6651774730247,28.158742957202705
3.8533983435382098,2512.3266577904924,250.83220726212224,15.60947018255049
4.580827350748797,1695.1430484779642,270.0414147412694,18.054440384628737
3.0467097684626645,2329.8234489744364,81.17808280558346,24.48211134649377
3.1284539410612626,2590.8999215794584,125.07733396174365,21.043358303742203
1.4286880453591042,2854.3556389589053,272.52243367126607,20.538902055207586
2.7896494672938186,1469.284163710907,259.92406166611573,22.981582754742043
3.1304690658200927,1798.6318316186162,340.8328263847429,19.8576556508302
1.9698820145389186,1304.8320266608348,285.4802033677114,29.08851148246977
2.076972923797524,2984.9670043167507,336.7086310874613,16.734206750230314
2.5091366524184906,2854.0019358485906,269.6859354143979,23.868510027742726
1.0802847911109055,2079.914260561119,160.47409633264965,34.56245332104948
2.288316662332713,2684.0665887528426,108.44852900773125,25.317508136368915
1.8457920279861786,2041.9159545440843,291.0924431031326,25.806580961846613
2.3099894087116586,2247.1713760055195,253.9202897984973,22.86636704499769
1.4790485272770049,1178.2488642320332,93.01022334618997,33.68899591912505
4.56210912295958,2510.540840993616,177.21362579326416,13.52849326288625
3.3743698142161946,1255.4269672704697,338.33595018075727,22.286987076345127
3.7164092765779584,2652.135260505057,215.10830934175434,13.22979461507557
4.156684954429354,2564.056175340772,196.83686672532025,15.206252328347437
2.993768795716229,2417.4893954859526,203.57889339300937,20.058497476337518
1.3476811523496948,1072.3207610495242,136.3983354813942,32.03024918379609
3.148426167274191,1606.2567118906572,179.5509361334947,22.48900994358396
3.3473644720835165,1526.2251398216858,179.84957911653768,22.881531527341703
3.98175789673732,1720.2728149430382,94.13585545061756,25.373383595634895
2.7266381849187176,1175.285493527677,287.24325969983795,27.221941755298143
1.510321211182255,2873.9156460621252,192.45619661404731,22.313889248888493
2.135103623194898,2107.6044814247525,301.9885694404343,24.786312478525783
2.4523291855945404,1611.048621316047,309.5939603023718,21.622788374320166
3.583668965326405,1793.9630341485667,137.23839476863768,24.32428869768974
3.2831132186756475,1894.4050810096714,257.48544018593475,19.662007003556777
2.424386903591385,2201.1886667212348,207.51608712400508,23.74672148027415
4.946060995171919,2031.3588553929956,317.64231923880095,13.884678155069745
3.4230992774275486,2838.7839464288345,138.24998337764262,15.062806714710504
1.948907166943978,1993.9269658116605,263.00956408371195,23.20585526779358
1.407129890481615,2984.3160296466253,244.09307300823508,22.6972752317429
1.611436556737328,2702.8499154901915,159.73139894439487,28.116415640381803
1.9838309135380325,1417.0210287146715,116.88224398581661,28.611318714835473
1.6427254930382227,2861.1904292878326,255.94273532886467,17.518617232090403
1.746268096205223,1232.7327957709522,279.4213136957293,29.48738559748915
2.1403806747753884,2634.899416982383,165.21938281610448,24.99288382209859
1.6934943811790193,1761.2465869531602,254.10480308602473,30.891469787685775
4.587061698505701,2755.9486408901394,186.68534505510587,10.918449527000735
1.3209349826465688,2736.1133802149006,272.56585848630675,24.101055293057797
3.0980455582810187,2611.8508002352423,133.78812422139436,22.63157997064281
2.641587307958646,2580.0608726141227,320.3580507117671,15.065908337489294
4.929514467634426,1609.3582781960815,157.60059104570652,15.841340133384527
1.4481556086722094,1161.8385661025043,179.3022166941613,34.46891037642942
2.5914223961829665,1805.9603575303229,95.68482706169445,28.293538330861214
4.877881733101475,1347.0490299730172,110.10829732674463,18.09250771826162
4.462028503575921,2389.9021778049237,219.2827137323286,13.654588593648846
4.268288283797119,1692.199453075571,152.2500227165523,14.310050296378083
2.0316113081797593,2951.22040171983,305.5796609503925,18.673557060916387
1.6835503495602633,2281.9441546906637,83.96721493683754,30.24197577989768
3.674572879697724,2644.9611272687216,182.35539314142278,14.627920473678818
4.717503956510344,1265.049345483697,171.08329762765504,19.142287958911062
3.227051572055719,2724.028964545245,85.21846034775228,21.04749889767339
3.2864507578795994,2845.5143810267887,113.57946773013776,18.026711928089572
2.1199163746411367,1974.123837637872,191.6835222280315,27.097014223358034
4.077971732767748,2212.505875501955,213.07343780081058,14.399663938449924
1.7481749942300935,2529.619601805991,189.15823175881465,25.28872732236624
2.2947169456169747,1349.677254520825,223.35317317126533,29.67875634787263
2.701745754465667,2005.1321529268848,240.685552224534,23.31671821771626
3.03044151473782,1797.3260555446263,82.67943170451562,24.5497317327385
1.969638929660321,1292.7479843244982,205.30569305244603,31.015203842438726
1.4593472989568141,1735.0688445830629,340.14479503964884,29.383916612259284
3.4424801697665304,1136.3446187709872,220.13871563497815,20.32445927234116
2.154522212961023,1051.623813898974,262.9364122139174,32.10595085781397
3.324952885690449,1270.3325783096454,164.20324163755845,24.72947481273144
1.6174508610968092,2926.230223178348,288.97767210124584,23.16174643362816
2.92456040741927,2099.059071790034,288.68880010655107,22.964900652822543
3.1303577302063434,2931.64432230644,220.7499328666175,14.096822550745975
1.2072941472897076,1864.9957566602639,343.52373228538767,26.952840903332152
2.3464171127756823,1623.6322661705192,113.89855798591641,28.4678931101871
1.537658707755897,2012.2837256804883,84.57586952018687,29.760092754043427
1.253499881891071,1879.0233772658203,287.9427171744159,32.675152453346385
4.959840929559781,1211.3293685234878,297.9319950885183,13.951884884939593
2.289415379898892,2281.6526293804127,112.4559518625556,24.929155047328077
4.239497783418539,1432.0763650191993,151.70736489882364,21.136508914750056
2.0185626190550554,2239.175909795659,84.7391381089898,25.621506850941977
3.726010888895717,2300.4021847963068,159.19332491075247,17.755712154260166
4.040911439558746,1304.0497062572963,288.7483059580413,20.155590394038686
3.382554962431377,1122.6992542213363,219.8493424823963,24.10229873953917
2.8863047542006335,2561.5231721368796,173.98581015543778,20.537522824504094
2.647363656589074,1919.6008475386402,180.36960962470917,23.822802890265038
2.395473066171981,1116.3275910109517,80.3654789431764,29.00248304994626
4.718116576991303,2989.7326343395343,160.94614244261368,11.244075805667666
4.3224776311509165,1115.5611219927332,254.54386024224124,23.39003398830687
4.86010764266605,2390.0704577171064,343.03249983041644,9.355316584375789
1.497188893942179,2967.357850526827,308.7064232856529,22.702260493408104
3.923469900814577,1478.3602084318513,86.37064045429287,24.610617105323
4.753361827284151,1284.4987373743925,322.6113632622066,13.196489832011824
1.7249322646626406,1242.7698788448579,291.46357159062904,33.599713299240456
1.26598506946711,1606.550295135191,290.70155336416474,30.86094223728436
3.964482597160236,1202.0916220212935,203.6588549309643,25.339906902231405
3.2978924527196476,2384.3226833882636,187.46142909771578,18.022575972817968
4.367315107033088,1124.5835962601254,161.787246784962,25.124542946466885
1.559089506505158,2018.8442562995795,97.73761191767876,32.48543468894488
4.181069247439561,2993.3937077059536,141.62354814329876,14.49182905683095
1.8065092801909781,2627.9405390120373,146.58298144406666,26.267394823905374
1.654623771462818,2230.4388764620217,210.70080882175444,26.690925233523224
1.6570631917239718,1612.5072415732234,281.80998978110733,31.24554295070161
4.258298880925528,2247.791672583277,207.9286536674456,15.72084333926592
3.6607888827848005,2054.082927823303,95.61800135073337,17.409535954162912
3.0922616990764773,1852.166767780743,338.60324626681506,17.817550666501834
2.43532193649401,1261.420753480399,334.53556615541027,25.671544690881262
4.508802163252433,2773.208430480933,292.0011766500703,10.624322546289088
2.5697804296905415,1899.5692976426449,347.65853342233953,21.87179393193275
4.266397757886308,1389.2450236415302,227.010229856071,21.75272195376987
2.7565396342808737,1735.518701754579,339.94745456836563,18.216825317518616
2.5077777176996303,1828.259505057854,100.4133609665227,27.852611398742262
2.8507191426784257,2655.0757911337487,178.73380203057025,16.685750410892627
2.2055114966565683,2467.228761122804,140.85294236182676,26.441420203163226
3.9904375207050045,2538.6097872826795,132.8749327162529,16.50356613720502
3.0108815603699166,1022.0625288572944,118.01679620102254,29.819604354076688
1.9288507805872692,1832.307996359523,248.0516832228191,25.469831919923756
4.598298293098274,1962.6883032706473,290.9569010517724,16.234008006984585
2.5355648854928456,1038.3845536461133,236.14056784349737,30.75867321829938
3.1742114444559544,1519.6264174900684,119.67993158881661,26.891406386745302
4.625888443858187,2520.57964624427,299.0034178820372,10.341500920049183
3.4969519836559684,1274.2194114579981,251.70777093420668,24.01817816816428
1.4675921628334563,2070.620262905183,184.8047406542888,27.932854003663056
4.7593284944539,1430.403744034475,262.01517979473704,17.90181077693176
3.5108322122856714,1024.2415492877865,150.17434439556487,29.37552219901209
2.3396224586283445,1482.402915199083,173.20189629343685,30.736867554266674
1.557088290653549,2951.7475098201076,327.72117764563734,20.220736650430926
4.1761007570811834,2603.0742237659792,158.4362165312835,15.746285778225312
3.480291023714054,2919.153288642067,206.89683240264287,13.018704214506265
3.133844367905286,1975.708087852725,320.338107096924,20.75717838557546
4.575570332203831,1219.472397355007,271.0847645722324,18.792083052588154
4.154388844898123,2095.918977947386,96.79487106446975,15.150125207867795
1.6066995189310047,1908.7546691199218,119.771821955322,28.5070746922797
2.246888271182193,2688.714165479232,82.11722950841754,24.23680956862809
1.993956559257863,1196.165161568489,250.34888336187413,29.43767251397804
3.975785170290708,1976.4822740435563,200.87182486081295,15.790164995420165
1.1341297389431175,1300.0973293879686,116.2542097436144,36.848802791648204
3.279558739485266,1649.35185378012,338.64221268532805,20.725329367590163
4.049834742962762,2474.714154775599,223.00812546531736,14.553472109526194
4.507062547046997,1952.036258737533,145.3111894104801,15.540230456074518
2.36832699486363,1751.7765702915385,215.16296421177103,28.377800640253678
4.285029218688051,1788.9525571400707,263.4974898384791,19.813470159610425
1.442526947820829,1918.8935368119733,100.58458885286241,30.935346305996084
4.385809166938072,2570.0330876741136,154.17003006293083,13.105958874839848
1.5099546493279297,2784.169377880469,297.8806825386783,24.309158868672398
2.589149162241469,2910.669373007857,204.10951500871852,18.99723284520576
4.1891814631182145,2573.8067725105902,227.57582834871963,13.449338585114223
1.5996697093950951,1630.8137914960255,196.8603205965567,32.18951724176015
1.917005580930566,2376.269412173084,91.85298451361137,23.83635595966022
3.889010273572265,1875.2062481107837,124.7524405514421,23.264978367047384
3.8801461461842974,1509.3412440921024,200.29624246031054,21.13207232116262
3.564590531541189,2681.7431588518452,136.48007566014053,16.998039011478244
3.7757937778684,1076.8526979246499,93.49433773811326,25.576309446763787
3.1708977733903847,2803.523984270847,307.7854092939924,15.482490622550218
2.007196235627811,1922.9549292494685,344.92198287431125,20.99200002905144
2.3827839740156778,2274.402953616561,294.14857597911964,25.012362284170727
1.7263908672057027,2318.7078444115655,310.5219288602601,24.509914562852547
4.633802245334513,2790.2354814130726,145.33382518560225,13.176040246112033
3.333567179064482,2273.3393643344143,339.36928338856393,18.747964745914565
2.6034056670545596,2227.8671695201238,133.16994020242566,22.439614931484748
2.8480232145765307,1133.30408112138,336.88604879769474,25.72659795091527
4.789133358447261,2036.816043890408,348.60120937080677,10.757513298321562
1.6134056124643208,1300.3380016340834,272.16515755143314,32.488223135144466
3.344919328067189,2474.8675374429713,344.90880758379194,11.420894344103965
3.023554715537864,2024.443841625349,233.775740483118,21.398081161807973
3.4458169417385913,2360.4555584167065,150.07628145754438,18.484379029373997
1.072440735283362,1083.3458012047686,197.98888912971762,36.662035803874986
4.488495635776606,1169.5840320916063,240.2614525522722,20.0887088022382
4.72847312993445,2432.6467761253643,99.73202174729406,13.148744810078218
3.2605327343568358,1144.1686719973468,248.03268144665645,23.22175797812229
3.786603295507569,1142.5134555305171,344.91801592581953,20.128026836932303
4.689997524709183,1024.216950469775,131.32906544160647,19.354060622997256
3.8289545372535945,2913.0027965989602,294.0006813978635,14.008644362311012
1.6101561716570454,2475.016718918014,325.13267432049724,23.13814574564839
3.3051534406672527,1706.5028170041282,334.7994300614596,14.084330392104242
3.4268601855314236,1593.0711625753106,339.23661318947075,19.079396975199018
2.696522685209544,1699.406459491699,220.7941024547974,22.87564592831466
3.9457769424988913,2549.3070623623635,343.873135157706,9.357454112867156
4.737468059076059,2322.7412221408285,284.4737559262985,8.903359228482476
4.702274051627105,1370.391135734936,123.65128778397971,19.73360227698969
2.8033574856165284,1348.2186706681687,208.7630287463519,29.125819042954202
1.452952183363021,1196.7912994267947,273.9494173504411,32.62513927845357
4.939364795849338,2320.605439402676,146.7818852711525,12.021186739810073
4.355592345783736,2528.745324443472,252.96609955819957,13.608594220933242
1.4986507248130674,1530.092856650008,259.9821293425872,29.487784247801432
4.683367530469489,1041.8899220618257,123.92893082831279,19.847617147685625
4.479585448248513,1164.3433349528548,232.5730343622442,17.05996278440656
3.0753522285042885,2935.720069690061,288.33926596422407,12.211871690492483
3.365101742979717,1590.8895549548406,214.70182942470433,21.828710380204097
2.596010815480521,2538.4462956762673,83.267841529549,24.276470001205603
1.2190465552881253,2249.3271377085275,82.44038665140889,31.425599739602838
2.3407889665836037,1763.879279305792,176.3979228719033,26.287160940512038
4.211413794392046,1411.3745243911103,330.07239847658116,15.498825212355058
1.0185280920184114,1242.7728363188128,141.74273049297437,37.58439717783354
2.3339966867645767,2230.025936077733,251.27819599535553,20.68705746937046
2.5926747743637732,2549.2675612755756,139.96048508719656,24.33947183492816
3.1495824117516915,2287.8085070822613,166.85089720807812,19.04638462969107
4.679422465651042,2060.6042664983165,308.97136419240064,10.955279813524644
2.385383977463845,1083.9024468632724,276.79258941288566,25.37683769760726
2.3878128075849108,2936.977555188768,105.75780487456687,21.451994198661453
3.9500049924389935,2597.4283833091495,195.74954566633707,17.273469621108003
2.8088717635592286,1585.6440734019295,87.87583618422141,28.705596150177303
1.8984192917599279,2959.9406587177014,209.84033958281242,24.417447325891636
2.8097580645307736,2203.7631792726443,258.8571831592884,22.2044142419304
1.5634280815191994,2164.845316414493,111.99570837150092,27.693093226600382
1.7055479460248932,2496.146358859064,157.99893350547472,26.022745329828048
2.993471090957919,2623.539576180275,187.41588888558238,18.102966173841416
2.6757017980181916,2312.9572146630053,328.27337665713344,22.490238110538517
4.6593836042724,1256.1914927324,348.1788541642003,13.394661940975572
2.4495755964665324,1676.5350119889968,92.12605072881628,30.53910912015752
3.322353401112174,2856.167280652099,285.4721393437559,16.845038245077145
3.5290571516781215,1449.2312236877037,180.3654979286327,26.925017143869454
1.0523778263533345,1744.3340476750268,185.9637102819596,32.00398215213667
3.6541494880668424,1864.153765888392,283.6515428036961,19.98717193734365
1.7121438674790057,1878.8099793889044,327.97513667926034,30.905103638892427
4.84428126987782,2225.879164989051,336.75072051568804,9.101040696423404
1.5946509110124518,2886.1516754894155,235.8230982303466,20.606770063325243
2.658496494908095,1481.38542366501,176.42271301113576,23.341364326550273
1.3413986723145754,1243.0027526018362,292.63825318187037,33.32135120566049
4.987497007383789,1394.9409797198746,147.77037348082106,13.859850682439987
3.0087800413249703,2773.849800418539,232.2999877850498,17.20060295036809
3.381540069280175,2291.621625310412,176.81618461171576,20.66326424353075
1.26830590955371,1571.8135784783203,257.29038990112656,31.658098790254005
3.999841881596711,2631.8938779372347,144.90770648124686,16.793977741872038
1.839622372382343,2722.739992726872,131.73009534840295,25.917977165278746
4.592217157762855,2693.028677380556,327.924553402368,11.869119961743799
1.8205585619280287,2837.853067279109,107.48699439637497,23.563848485523234
1.7627508826546663,1504.4820403467231,216.60863508843156,28.85904784763469
1.1461986713923795,2510.0838574925565,139.6302514000124,27.95376277272962
2.888267780439997,1921.07899454828,90.51109009793021,27.24756183704523
3.2593645330504657,2683.997105780123,89.72508093868512,21.91916963038871
1.2628345577134095,2456.9813543232267,127.30987846857337,30.388590787939073
4.102110466780042,2552.8948929994494,314.02799571662007,14.862455853940022
2.8131553389921105,2312.323675362143,156.26926087379718,20.297715645496083
3.09756107731032,1354.8575389394136,336.6239760553298,25.888656159402167
2.7630509877529126,2090.0538377938765,237.03801910708225,25.42171822742538
2.603052243501304,2969.3394790490165,197.88583123756683,20.953094878739208
3.2385613252328715,2874.7761329942377,236.62398536075276,19.883711481807953
1.62096098372285,1086.3474715940233,219.5085640110923,29.570520519699674
1.7277125219810845,1329.6296314588742,284.86958851447775,28.830857450975884
4.447142484054069,1263.4575469091237,156.2739378126701,19.07448540959376
4.784461848534531,2451.959819970591,175.32360573208166,14.146609114614707
2.493237265119012,2635.57065971389,321.4054616839777,17.074188295511146
2.082978692574215,1427.022732621344,335.5432585506095,28.295607347972087
3.575998172956063,2011.705385903658,320.9907214213481,20.170739151745884
2.6349366843923856,2681.4060560223998,193.25095836847467,22.26114127292077
1.1015454226413794,2465.603089532501,290.698685811858,27.468558481537126
1.6246103894647614,2084.4744109836965,208.61064799129667,26.118921550862655
3.86388891538959,2180.6953809175457,214.3357600794476,15.728605842319439
3.6356957676406054,2016.72109383256,135.26362944546668,23.34972879813847
1.108383970013934,1595.096902637641,239.60518187979943,33.80338199196377
1.8878886477317978,2130.043985718032,130.25669239340394,28.171108269993585
1.9242991863522856,2377.770604100181,169.52246874814233,25.22553217441918
3.6875709743949137,2746.6458317216157,310.8581544373825,9.403922621644401
1.0788421510174566,2272.582707958496,135.9104684869309,28.922382573521475
1.4164343279382954,2522.243074086316,99.21273699682686,32.853413588189
4.199664341492758,1320.143269909146,98.6320500054604,19.96724197162272
1.7141786482173345,1923.11494883958,334.0118205358391,26.369344570549472
3.610984431407499,1018.6632396541866,216.86851824969534,26.33477144179181
1.952731124186906,1493.357729043246,190.54125939059494,27.4252507721262
1.3977655710373806,2452.9234302260097,298.937216872138,25.836114391321146
1.9726887639978163,2983.619902698727,305.6730005358393,21.967172112820712
3.8890677274226366,1198.3561991744318,169.69157894121324,23.13858129571621
4.422785872425143,1802.9886317225764,267.27687551792474,21.473789016449015
4.320879458267966,2600.141937398319,288.20316028000934,8.454071027445977
2.5887341184738193,1408.0712692577977,256.7556854538077,28.292683471270433
3.6723405462825847,2110.169898604572,120.93067019602682,20.159401169992048
1.8199371816632839,2466.1425920593497,316.48843254960536,24.693641380899713
2.172590921044053,2231.970900520358,225.55552923872236,25.434990071324012
4.5853432740844795,1376.0494692308323,156.26755511990098,17.894044423847664
1.0520076940429441,1710.7691373714788,194.81161006817734,33.273880273504496
1.3420341234178723,2567.5835689707947,90.14419440770499,25.604241808814926
1.8315450205841093,2108.4530282640335,114.52403633005274,30.131796540593072
1.1061288154952789,1010.4592270858254,286.69762263928243,34.83248867403751
1.7257417403591893,2521.981520056188,80.00314138394886,29.301512077709937
3.3321662438787687,1070.6227098804782,192.4727736902189,27.91891952951307
2.685698202369992,2491.4675654624643,221.0777488931089,21.77070496457996
4.570686844307899,1404.9611203304748,94.75129340026251,20.80825657055338
4.269774246953764,2916.1469602387606,342.7311040025299,7.588522334141076
2.367269406791504,1735.8815026041689,141.05383943741143,26.422361840371053
2.03769373372517,1653.863232676158,162.13365430179584,31.691858189174695
2.5187696326690676,1297.7761006648893,162.06447830885736,31.80803739489956
3.361179770059231,1611.2084309804297,142.21249877168447,23.49817803177351
2.072254563291505,2753.301523656401,80.39793196330409,25.392393702146688
3.496595631396536,2992.6686752544947,276.923094403759,11.954285644380395
2.6376466087649617,1736.6190610136966,341.04828494580704,24.97204294710794
3.208188723407921,1897.2212619090851,140.55924048696215,24.596693272763243
2.7445061165412667,2444.1418764054742,259.02274178692403,24.130993130725948
2.1778630381676707,2772.3915609301494,280.3120082788531,18.974772203658198
4.793813227848627,2186.088668373568,309.07485235444165,10.559884287688066
4.054423176639043,1783.0513963556587,194.10988319367448,19.420532904523668
1.5604527030658102,1825.2436816972474,161.7913445229159,31.90889661271084
4.473871903591651,2391.2362929936135,167.8296861862184,14.12346597004987
2.9497247929980546,1006.4365272085573,272.4077599365985,24.499978415826597
4.578208907576366,2239.1786749196813,300.53045595652173,13.954372480024652
4.199421023789261,1710.986020882715,129.0357712942827,21.409230587740257
2.700854017876934,2588.3946625541685,180.1540722025966,19.468553961603575
1.0898772332804696,1185.9812796462643,323.5238531222705,35.40605459177215
2.0747094375397843,2176.404533896781,297.8072503175796,26.16603727362869
3.1665368586434677,1961.9457797722475,345.91176874586847,19.29121285682137
3.533912879304589,2284.651051810455,283.6470301141618,17.160391906545907
2.031550741732809,1129.7071889659367,186.162704277539,32.59434717405371
1.5574242962912965,2159.9675748562627,239.4722151785522,25.678902348324286
4.339720947197197,2122.9691759190473,258.47384864677645,14.746995843410014
4.9376087228142085,2121.320188832342,101.18307040562347,10.845731305843518
3.1027607292107433,2206.9753331929096,227.01417895804357,22.21532776443211
1.686717143393214,2352.9358744527244,271.5166236876046,22.091774563831102
2.089229306077476,2609.9779993615393,125.17675208028629,28.05188274109593
1.073562706189867,1539.6414402564287,290.77056370490044,30.99510915883254
4.657195226241996,2650.098820360124,237.61865073881015,10.616420401471844
1.4710043315605645,1996.5113645269073,337.09988213835055,25.4004582304069
3.3060659020570142,1154.1165582686624,91.45402051586076,26.946962491238757
2.096220882748824,1117.1018584879585,151.63805713997607,34.78579828268705
3.2167120100631736,1668.4766373921216,242.4195474109525,17.358404506465902
3.605681553407457,2569.793954222935,160.07117629560128,20.27797048481612
4.318967214828806,2415.3618694818315,272.8945242992354,13.705994662079922
1.8256850870424128,2577.229929344813,284.93142628092136,20.785595640252218
1.043983314633922,2034.5381128832187,107.6793102979481,30.825173527673826
1.547542520275229,1880.397995910981,218.74070533582727,32.61204062690643
4.60007456739242,1294.905053412568,217.4004500095851,16.586116419594102
4.495560310250061,1656.385507218623,179.7058079581961,15.587233887425768
3.389652408681233,1868.0387323477505,331.88971289381146,21.04320532604893
3.4020674417346135,1177.2008593592345,303.42670636576975,23.413263840654498
3.660146698185022,1441.2239054224224,268.2465331156019,19.082438515670457
1.7014851144937984,2196.4505881274777,272.86819164844934,26.33695016198077
4.657647783699839,2471.3262284783796,204.66335882954218,10.53918128708743
2.6750820995682925,2996.6950227858993,328.66852069607546,18.60692782093689
2.53255411299799,2866.226662687115,267.54076535838703,21.044299800652
3.07567082113135,2285.1303990703827,276.82488664707046,20.261343974259486
1.1878638671002202,1842.496106588144,312.6565440225832,29.912323307150665
1.6651334750243176,2272.3547294164655,153.99932912239157,31.587515382595157
3.9521344657054818,2571.3032361604637,297.90914404400985,13.400068497419273
1.3311946717005059,1236.6723818467747,132.71496279825286,32.80821456130719
3.412608437865553,1819.8097793925765,173.24232710611972,22.978314416184347
1.9813964387252838,2679.6045712712344,170.61482265285753,28.44549081539713
2.557182456167906,1767.665903866088,344.2018764650679,20.740792912240916
2.1547749470827995,2143.744542454373,311.26505041194025,22.63656348422876
2.4226908658597965,2175.5387217243965,269.31586262937014,23.666772318624435
3.876183620736982,1368.9525062672787,276.3053256361553,20.078494964612606
2.1884868624927,1724.4708833045768,231.7596544886942,24.929654451731455
3.2656185611875888,1669.0225774838643,335.71448011930016,22.489029697311466
2.9042016087963987,1052.3934170641296,213.9898632782376,32.029409853565326
3.6546846614505926,1048.3835277827104,182.73978166487154,25.049468669309164
4.747318957299032,2663.3940873515467,124.01954097152958,11.031566856494033
3.930288388841001,1546.1416199456248,292.27552611048566,15.639562578170707
1.859761514363027,2036.1575324776309,278.2998616604097,26.400240252212388
1.1247325402451387,1597.451147177546,183.7758604015164,35.48368531161133
2.0490561771993003,2881.358490230681,86.80222176899193,25.586745809060663
3.3803117228010193,1518.5935177315475,306.52927848386287,21.060236407222714
1.2057032539370014,1859.3136254778701,83.08285553259988,32.43756681566354
2.9854649888049454,2745.4605009692036,269.9989404998438,15.253798970098666
3.387371395667557,2683.867133583617,341.9694196260354,16.167607311706966
2.3369755632678433,1372.2028356925546,198.16855860001493,30.4867678576028
4.083648814983288,2605.2866195914207,143.44281934890725,12.636831274258487
1.4263930125350872,1916.3737734757854,270.3151727117131,31.772737078340285
1.300551126943235,1965.9377441707104,300.624598344208,29.453481682805734
3.9127550248144134,1266.9599448318877,227.53618534101878,24.306268247646905
2.981965264824794,1161.2030275142492,341.09952431915946,21.26889518736376
3.753609585710944,2455.8786139475305,93.9505548476495,16.218704386779233
2.739309354414985,1992.9223047105995,216.2948115422226,23.084661531200524
1.9856081329564272,1873.7014052303591,273.98256577708855,27.222173913792897
4.276409270696799,2459.016457304793,312.9129272102783,15.795539096988797
4.197663515875917,2531.0257979822195,128.3990152151033,17.299562711975472
3.778785883417707,1317.8163353387072,296.00094007619396,20.00100049277884
2.088580548919851,2220.4502989552825,229.23091044400724,22.861779410872334
3.3609226674763484,1270.708164555371,187.06949413729006,27.24091843627208
2.443895587760107,2502.7501720580913,115.56305771635526,22.248046988960525
1.3663282933065366,2313.910312534279,313.6298549054063,29.266311128885707
4.669254301848971,2913.229242166916,122.46376620852314,11.404164807461568
1.5472745236758456,1137.9160327128425,163.6427219864568,37.25599418540104
4.80094941528321,1114.1094423025086,158.31229362985795,21.01679712723441
2.784023091831823,1564.3741493864004,315.28178923153064,23.070398576309266
